"n_processes","n_threads","n_x","n_y","I_max","Average time","Standard deviation","Communication time"
4, 1, 1000, 1000, 65535, 5.033600, 0.003448, 0.001331
8, 1, 1000, 1000, 65535, 2.516269, 0.000571, 0.001256
12, 1, 1000, 1000, 65535, 1.687094, 0.000851, 0.001140
16, 1, 1000, 1000, 65535, 1.271746, 0.000694, 0.001579
20, 1, 1000, 1000, 65535, 1.015966, 0.000515, 0.001489
24, 1, 1000, 1000, 65535, 0.862964, 0.000381, 0.001550
