"n_processes","n_threads","n_x","n_y","I_max","Average time","Standard deviation","Communication time"
4, 1, 1000, 1000, 65535, 5.029715, 0.000504, 0.001206
8, 1, 1000, 1000, 65535, 2.521652, 0.000908, 0.001277
12, 1, 1000, 1000, 65535, 1.685624, 0.000602, 0.001241
16, 1, 1000, 1000, 65535, 1.271089, 0.000815, 0.001704
20, 1, 1000, 1000, 65535, 1.016413, 0.000526, 0.001429
24, 1, 1000, 1000, 65535, 0.861696, 0.001062, 0.001631
