"n_processes","n_threads","n_x","n_y","I_max","Average time","Standard deviation","Communication time"
4, 1, 1000, 1000, 65535, 5.077376, 0.003881, 0.001503
8, 1, 1000, 1000, 65535, 2.530414, 0.002262, 0.001573
12, 1, 1000, 1000, 65535, 1.686271, 0.000886, 0.001441
16, 1, 1000, 1000, 65535, 1.271400, 0.000554, 0.001591
20, 1, 1000, 1000, 65535, 1.015589, 0.001219, 0.001466
24, 1, 1000, 1000, 65535, 0.861902, 0.000614, 0.001806
