"n_processes","n_threads","n_x","n_y","I_max","Average time","Standard deviation","Communication time"
4, 1, 1000, 1000, 65535, 5.023649, 0.000788, 0.001326
8, 1, 1000, 1000, 65535, 2.518475, 0.001332, 0.001239
12, 1, 1000, 1000, 65535, 1.687131, 0.000340, 0.001272
16, 1, 1000, 1000, 65535, 1.270544, 0.000600, 0.001553
20, 1, 1000, 1000, 65535, 1.015533, 0.000694, 0.001539
24, 1, 1000, 1000, 65535, 0.861752, 0.000730, 0.001635
